{
  "Dubai": [
    25.0742823,
    55.1885387
  ],
  "Italy": [
    42.6384261,
    12.674297
  ],
  "Scotland": [
    56.7861112,
    -4.1140518
  ],
  "Ukraine": [
    49.4871968,
    31.2718321
  ],
  "United States": [
    39.7837304,
    -100.445882
  ],
  "Uzbekistan": [
    41.32373,
    63.9528098
  ],
  "United Arab Emirates": [
    24.0002488,
    53.9994829
  ],
  "Mainland China": [
    19.1153424,
    72.9085796
  ]
}